Name,ResourceType,TotalHeatProduction,MaxHeatProduction,TotalEmissions,MaxEmissions,TotalCost,MaxCost,Key,Key,Value,Key,Value,TotalUtilization,MaxUtilization
GB2,Gas,971.9399999999998,3,126352.2,390,544286.400,1680.0,Gas,Gas,680.3580000000029,Gas,2.0999999999999996,323.9800000000001,1
OB1,Oil,114.94000000000004,2.01,37930.200000000004,663.3,77009.799999999999839200,1346.700,Oil,Oil,172.4099999999999,Oil,3.0149999999999997,28.73500000000001,0.5025
HP1,Electricity,55.6,6,0,0,31463.20060000000013394,3355.2,Electricity,Electricity,333.6,Electricity,36,9.266666666666662,1
GM1,Gas,1153.92,3.5,750048,2275,381141.2977485712821792166,2050.391999999999727960,Gas,Gas,2077.0559999999905,Gas,6.3,329.69142857142856,1
