Name,ResourceType,TotalHeatProduction,MaxHeatProduction,TotalEmissions,MaxEmissions,TotalCost,MaxCost,Key,Key,Value,Key,Value,TotalUtilization,MaxUtilization
GB1,Gas,1146.6999999999996,4,200672.5,700,596284.000,2080.0,Gas,Gas,1032.0300000000013,Gas,3.6,286.6749999999999,1
GB2,Gas,74.46,3,9679.8,390,41697.59999999999787200,1680.0,Gas,Gas,52.121999999999986,Gas,2.0999999999999996,24.820000000000004,1
OB1,Oil,0,0,0,0,0,0,Oil,Oil,0,Oil,0,0,0
HP1,Electricity,17.119999999999997,6,0,0,7601.784,2369.34,Electricity,Electricity,102.72,Electricity,36,2.853333333333333,1
GM1,Gas,1058.1200000000003,3.5,687778,2275,327652.4898514284329888964,1948.783999999999708420,Gas,Gas,1904.615999999991,Gas,6.3,302.32000000000005,1
