Name,ResourceType,TotalHeatProduction,MaxHeatProduction,TotalEmissions,MaxEmissions,TotalCost,MaxCost,Key,Key,Value,Key,Value,TotalUtilization,MaxUtilization
GB1,Gas,98.39999999999999,1.92,17220,336,51168.000,998.400,Gas,Gas,88.56,Gas,1.728,24.599999999999998,0.48
GB2,Gas,0,0,0,0,0,0,Gas,Gas,0,Gas,0,0,0
OB1,Oil,0,0,0,0,0,0,Oil,Oil,0,Oil,0,0,0
HP1,Electricity,113.8,2,0,0,43624.5618,1033.50,Electricity,Electricity,682.8,Electricity,12,18.966666666666665,0.3333333333333333
GM1,Gas,334.4199999999999,2.04,217373,1326,123410.4139085713886357774,1021.127314285714097508,Gas,Gas,601.9559999999997,Gas,3.672,95.54857142857145,0.5828571428571429
